adID	Title	Location	AdPriority	Cost	Pictures	AdDuration	AdURL	Call	Email	Area	Bathrooms	Bedrooms
0	240 Sq Yard Brand New House For Sale In Saima Arabian Villas Block C	"Saima Arabian Villas, Gadap Town"	super hot	29500000	40	2 weeks ago	www.zameen.com/Property/gadap_town_saima_arabian_villas_240_sq_yard_brand_new_house_for_sale_in_saima_arabian_villas_block_c-42468541-8856-1.html	TRUE	TRUE	240	6	6
1	Luxury Bungalow Available For Sale	"Saima Arabian Villas, Gadap Town"	super hot	6600000	17	3 weeks ago	www.zameen.com/Property/gadap_town_saima_arabian_villas_luxury_bungalow_available_for_sale-40044660-8856-1.html	TRUE	TRUE	120		
2	Luxury Bungalow Available For Sale In Near Saima Arabian Villas	"Saima Arabian Villas, Gadap Town"	super hot	6600000	14	4 weeks ago	www.zameen.com/Property/gadap_town_saima_arabian_villas_luxury_bungalow_available_for_sale_in_near_saima_arabian_villas-40729675-8856-1.html	TRUE	TRUE	120	2	2
3	Bungalow For Sale	"Saima Arabian Villas, Gadap Town"	hot	22500000	16	1 week ago	www.zameen.com/Property/gadap_town_saima_arabian_villas_bungalow_for_sale-42366953-8856-1.html	TRUE	TRUE	240	3	3
4	Luxury Bungalow Available For Sale In Ali Town Near Saima Arabian Villas	"Saima Arabian Villas, Gadap Town"	hot	6600000	9	2 weeks ago	www.zameen.com/Property/gadap_town_saima_arabian_villas_luxury_bungalow_available_for_sale_in_ali_town_near_saima_arabian_villas-41712118-8856-1.html	TRUE	TRUE	120		
5	Luxury Bungalow Available For Sale In Ali Town Near Saima Arabian Villas	"Saima Arabian Villas, Gadap Town"	hot	6600000	15	4 weeks ago	www.zameen.com/Property/gadap_town_saima_arabian_villas_luxury_bungalow_available_for_sale_in_ali_town_near_saima_arabian_villas-41303109-8856-1.html	TRUE	TRUE	120		
6	Luxury Banglow Available For Sale	"Saima Arabian Villas, Gadap Town"	hot	6600000	12	4 weeks ago	www.zameen.com/Property/gadap_town_saima_arabian_villas_luxury_banglow_available_for_sale-40045682-8856-1.html	TRUE	TRUE	120		
7	Luxury Banglow Available For Sale	"Saima Arabian Villas, Gadap Town"	hot	6600000	6	4 weeks ago	www.zameen.com/Property/gadap_town_saima_arabian_villas_luxury_banglow_available_for_sale-40045698-8856-1.html	TRUE	TRUE	120	2	2
8	Saima Arabian Vilaaz  R Category  Block F   G+1	"Saima Arabian Villas, Gadap Town"	hot	16000000	13	5 days ago	www.zameen.com/Property/gadap_town_saima_arabian_villas_saima_arabian_vilaaz__r_category__block_f_g_1-42325495-8856-1.html	TRUE	TRUE	120	4	4
9	Beautiful House Next To Corner Block C	"Saima Arabian Villas, Gadap Town"	hot	17000000	10	6 days ago	www.zameen.com/Property/gadap_town_saima_arabian_villas_beautiful_house_next_to_corner_block_c-42630426-8856-1.html	TRUE	TRUE	120	6	4
10	1 Unit Bungalow (120 Yards) For Sale  In Saima Arabian Villas	"Saima Arabian Villas, Gadap Town"	hot	13600000	1	4 weeks ago	www.zameen.com/Property/gadap_town_saima_arabian_villas_1_unit_bungalow__120_yards__for_sale__in_saima_arabian_villas-42199786-8856-1.html	TRUE	TRUE	120	4	3
11	Prime Location 120 Square Yards House In Saima Arabian Villas For sale	"Saima Arabian Villas, Gadap Town"	Normal	12700000	14	15 hours ago	www.zameen.com/Property/gadap_town_saima_arabian_villas_prime_location_120_square_yards_house_in_saima_arabian_villas_for_sale-42726696-8856-1.html	TRUE	TRUE	120		
12	Prime Location 120 Square Yards House In Karachi Is Available For sale	"Saima Arabian Villas, Gadap Town"	Normal	13000000	6	15 hours ago	www.zameen.com/Property/gadap_town_saima_arabian_villas_prime_location_120_square_yards_house_in_karachi_is_available_for_sale-42726697-8856-1.html	TRUE	TRUE	120		
13	Stunning Prime Location 120 Square Yards House In Saima Arabian Villas Available	"Saima Arabian Villas, Gadap Town"	Normal	13500000	6	15 hours ago	www.zameen.com/Property/gadap_town_saima_arabian_villas_stunning_prime_location_120_square_yards_house_in_saima_arabian_villas_available-42726698-8856-1.html	TRUE	TRUE	120		
14	A Prime Location House Of 120 Square Yards In Karachi	"Saima Arabian Villas, Gadap Town"	Normal	13300000	5	15 hours ago	www.zameen.com/Property/gadap_town_saima_arabian_villas_a_prime_location_house_of_120_square_yards_in_karachi-42726702-8856-1.html	TRUE	TRUE	120		
15	Prime Location House Of 120 Square Yards Corner West Open Near To Market In Saima Arabian Villas Is Available.	"Saima Arabian Villas, Gadap Town"	Normal	14800000	6	15 hours ago	www.zameen.com/Property/gadap_town_saima_arabian_villas_prime_location_house_of_120_square_yards_corner_west_open_near_to_market_in_saima_arabian_villas_is_available_-42726705-8856-1.html	TRUE	TRUE	120	2	2
16	"Reasonably-Priced Prime Location 120 Square Yards House In Saima Arabian Villas, Karachi Is Available As Of Now"	"Saima Arabian Villas, Gadap Town"	Normal	13000000	5	15 hours ago	www.zameen.com/Property/gadap_town_saima_arabian_villas_reasonably_priced_prime_location_120_square_yards_house_in_saima_arabian_villas__karachi_is_available_as_of_now-42726706-8856-1.html	TRUE	TRUE	120		
17	A Well Designed Prime Location House Is Up For sale In An Ideal Location In Karachi	"Saima Arabian Villas, Gadap Town"	Normal	16500000	10	15 hours ago	www.zameen.com/Property/gadap_town_saima_arabian_villas_a_well_designed_prime_location_house_is_up_for_sale_in_an_ideal_location_in_karachi-42726701-8856-1.html	TRUE	TRUE	160		
18	Prime Location Saima Arabian Villas House Sized 160 Square Yards Is Available	"Saima Arabian Villas, Gadap Town"	Normal	17500000	9	15 hours ago	www.zameen.com/Property/gadap_town_saima_arabian_villas_prime_location_saima_arabian_villas_house_sized_160_square_yards_is_available-42726700-8856-1.html	TRUE	TRUE	160		
19	2 Bed Lounge With Roof Terrace Com 5 Saima Arabian Villas	"Saima Arabian Villas, Gadap Town"	Normal	5200000	6	1 day ago	www.zameen.com/Property/gadap_town_saima_arabian_villas_2_bed_lounge_with_roof_terrace_com_5_saima_arabian_villas-35753367-8856-1.html	TRUE	TRUE	83	2	2
20	Get Your Dream Prime Location House In Saima Arabian Villas Karachi	"Saima Arabian Villas, Gadap Town"	Normal	19500000	7	3 days ago	www.zameen.com/Property/gadap_town_saima_arabian_villas_get_your_dream_prime_location_house_in_saima_arabian_villas_karachi-42682503-8856-1.html	TRUE	TRUE	160	6	6
21	160 Sq Yd House For Sale Saima Arabian Villas	"Saima Arabian Villas, Gadap Town"	Normal	14500000	12	3 days ago	www.zameen.com/Property/gadap_town_saima_arabian_villas_160_sq_yd_house_for_sale_saima_arabian_villas-42505541-8856-1.html	TRUE	TRUE	160	3	3
22	Block C 160sqy Corner Furnished Bungalow Is Available For Sale In Saima Arabian Villas.	"Saima Arabian Villas, Gadap Town"	Normal	16500000	13	3 days ago	www.zameen.com/Property/gadap_town_saima_arabian_villas_block_c_160sqy_corner_furnished_bungalow_is_available_for_sale_in_saima_arabian_villas_-38331875-8856-1.html	TRUE	TRUE	160	3	3
23	120 Sq Yd Single Storey West Open Well Furnished Bungalow Available For Sale	"Saima Arabian Villas, Gadap Town"	Normal	12800000	20	3 days ago	www.zameen.com/Property/gadap_town_saima_arabian_villas_120_sq_yd_single_storey_west_open_well_furnished_bungalow_available_for_sale-41933618-8856-1.html	TRUE	TRUE	120	2	2
24	Com 6 2 Bed DD West Open Fourth Floor With Roof Available For Sale In Saima Arabian Villas.	"Saima Arabian Villas, Gadap Town"	Normal	7800000	16	3 days ago	www.zameen.com/Property/gadap_town_saima_arabian_villas_com_6_2_bed_dd_west_open_fourth_floor_with_roof_available_for_sale_in_saima_arabian_villas_-40156795-8856-1.html	TRUE	TRUE	106	2	2
25	Block C Double Story East Open Furnished Bungalow Is Available For Sale In Saima Arabian Villas.	"Saima Arabian Villas, Gadap Town"	Normal	15800000	12	3 days ago	www.zameen.com/Property/gadap_town_saima_arabian_villas_block_c_double_story_east_open_furnished_bungalow_is_available_for_sale_in_saima_arabian_villas_-38348612-8856-1.html	TRUE	TRUE	120	4	4
26	(Leased) 4th Floor Flat With Roof Available For Sale In Saima Arabian Villas	"Saima Arabian Villas, Gadap Town"	Normal	7800000	27	3 days ago	www.zameen.com/Property/gadap_town_saima_arabian_villas__leased__4th_floor_flat_with_roof_available_for_sale_in_saima_arabian_villas-41729323-8856-1.html	TRUE	TRUE	106	2	2
27	Block C 160 SQ Yard Near To mosque east open  House Available For Sale In Saima Arabian Villas	"Saima Arabian Villas, Gadap Town"	Normal	17800000	11	3 days ago	www.zameen.com/Property/gadap_town_saima_arabian_villas_block_c_160_sq_yard_near_to_mosque_east_open__house_available_for_sale_in_saima_arabian_villas-38331882-8856-1.html	TRUE	TRUE	160	6	6
28	120 Sqyd Bungalow Available For Sale In Saima Arabian Villas	"Saima Arabian Villas, Gadap Town"	Normal	12800000	0	1 week ago	www.zameen.com/Property/gadap_town_saima_arabian_villas_120_sqyd_bungalow_available_for_sale_in_saima_arabian_villas-41088476-8856-1.html	TRUE	TRUE	120		
29	End Your Search For Prime Location House Here And sale Now	"Saima Arabian Villas, Gadap Town"	Normal	12800000	5	1 week ago	www.zameen.com/Property/gadap_town_saima_arabian_villas_end_your_search_for_prime_location_house_here_and_sale_now-41600613-8856-1.html	TRUE	TRUE	120		
30	House Available For Sale In Saima Arabian Villas	"Saima Arabian Villas, Gadap Town"	Normal	15500000	20	1 week ago	www.zameen.com/Property/gadap_town_saima_arabian_villas_house_available_for_sale_in_saima_arabian_villas-39021197-8856-1.html	TRUE	TRUE	120		
31	160 Sqyd Bungalow Available For Sale In Saima Arabian Villas	"Saima Arabian Villas, Gadap Town"	Normal	20500000	21	1 week ago	www.zameen.com/Property/gadap_town_saima_arabian_villas_160_sqyd_bungalow_available_for_sale_in_saima_arabian_villas-41088456-8856-1.html	TRUE	TRUE	160	6	6
32	Flat Available For Sale In Saima Arabian Villas	"Saima Arabian Villas, Gadap Town"	Normal	5200000	6	1 week ago	www.zameen.com/Property/gadap_town_saima_arabian_villas_flat_available_for_sale_in_saima_arabian_villas-41088458-8856-1.html	TRUE	TRUE	78	2	2
33	120 Sqyd Bungalow Available For Sale In Saima Arabian Villas	"Saima Arabian Villas, Gadap Town"	Normal	13000000	0	1 week ago	www.zameen.com/Property/gadap_town_saima_arabian_villas_120_sqyd_bungalow_available_for_sale_in_saima_arabian_villas-41088464-8856-1.html	TRUE	TRUE	120		
34	160 Sqyd Bungalow Available For Sale In Saima Arabian Villas	"Saima Arabian Villas, Gadap Town"	Normal	23000000	0	1 week ago	www.zameen.com/Property/gadap_town_saima_arabian_villas_160_sqyd_bungalow_available_for_sale_in_saima_arabian_villas-41088466-8856-1.html	TRUE	TRUE	160		
35	This Is Your Chance To Buy House In Saima Arabian Villas Karachi	"Saima Arabian Villas, Gadap Town"	Normal	16500000	0	1 week ago	www.zameen.com/Property/gadap_town_saima_arabian_villas_this_is_your_chance_to_buy_house_in_saima_arabian_villas_karachi-41088468-8856-1.html	TRUE	TRUE	160		
36	120 Sqyd Bungalow Available For Sale In Saima Arabian Villas	"Saima Arabian Villas, Gadap Town"	Normal	16500000	0	1 week ago	www.zameen.com/Property/gadap_town_saima_arabian_villas_120_sqyd_bungalow_available_for_sale_in_saima_arabian_villas-41088471-8856-1.html	TRUE	TRUE	120		
37	120 Sqyd Bungalow Available For Sale In Saima Arabian Villas	"Saima Arabian Villas, Gadap Town"	Normal	16300000	0	1 week ago	www.zameen.com/Property/gadap_town_saima_arabian_villas_120_sqyd_bungalow_available_for_sale_in_saima_arabian_villas-41088473-8856-1.html	TRUE	TRUE	120		
38	120 Sqyd Bungalow Available For Sale In Saima Arabian Villas	"Saima Arabian Villas, Gadap Town"	Normal	13500000	0	1 week ago	www.zameen.com/Property/gadap_town_saima_arabian_villas_120_sqyd_bungalow_available_for_sale_in_saima_arabian_villas-41088474-8856-1.html	TRUE	TRUE	120		
39	House Available For Sale In Saima Arabian Villas	"Saima Arabian Villas, Gadap Town"	Normal	15200000	29	1 week ago	www.zameen.com/Property/gadap_town_saima_arabian_villas_house_available_for_sale_in_saima_arabian_villas-39021195-8856-1.html	TRUE	TRUE	120		
40	House Available For Sale In Saima Arabian Villas	"Saima Arabian Villas, Gadap Town"	Normal	12200000	6	1 week ago	www.zameen.com/Property/gadap_town_saima_arabian_villas_house_available_for_sale_in_saima_arabian_villas-39426682-8856-1.html	TRUE	TRUE	120		
41	House Available For Sale In Saima Arabian Villas	"Saima Arabian Villas, Gadap Town"	Normal	13500000	22	1 week ago	www.zameen.com/Property/gadap_town_saima_arabian_villas_house_available_for_sale_in_saima_arabian_villas-39426711-8856-1.html	TRUE	TRUE	160		
42	Flat Available For Sale In Saima Arabian Villas	"Saima Arabian Villas, Gadap Town"	Normal	7000000	8	1 week ago	www.zameen.com/Property/gadap_town_saima_arabian_villas_flat_available_for_sale_in_saima_arabian_villas-39426713-8856-1.html	TRUE	TRUE	106		
43	House Available For Sale In Saima Arabian Villas	"Saima Arabian Villas, Gadap Town"	Normal	13500000	8	1 week ago	www.zameen.com/Property/gadap_town_saima_arabian_villas_house_available_for_sale_in_saima_arabian_villas-39426680-8856-1.html	TRUE	TRUE	160		
44	Flat Available For Sale In Saima Arabian Villas	"Saima Arabian Villas, Gadap Town"	Normal	7000000	8	1 week ago	www.zameen.com/Property/gadap_town_saima_arabian_villas_flat_available_for_sale_in_saima_arabian_villas-39426683-8856-1.html	TRUE	TRUE	106		
45	160 Sq Yd Villa Available For Sale In Saima Arabian Villa	"Saima Arabian Villas, Gadap Town"	Normal	14500000	25	2 weeks ago	www.zameen.com/Property/gadap_town_saima_arabian_villas_160_sq_yd_villa_available_for_sale_in_saima_arabian_villa-41373477-8856-1.html	TRUE	TRUE	160	3	3
46	Two Bed Dd Flat Available For Sale In Saima Arabian Villas	"Saima Arabian Villas, Gadap Town"	Normal	7300000	16	2 weeks ago	www.zameen.com/Property/gadap_town_saima_arabian_villas_two_bed_dd_flat_available_for_sale_in_saima_arabian_villas-41365644-8856-1.html	TRUE	TRUE	83	2	2
47	Prime Location sale E House In Karachi Prime Location	"Saima Arabian Villas, Gadap Town"	Normal	14600000	8	2 weeks ago	www.zameen.com/Property/gadap_town_saima_arabian_villas_prime_location_sale_e_house_in_karachi_prime_location-41602758-8856-1.html	TRUE	TRUE	160	3	3
48	Luxury Bungalow Available For Sale In Ali Town	"Saima Arabian Villas, Gadap Town"	Normal	7200000	18	2 weeks ago	www.zameen.com/Property/gadap_town_saima_arabian_villas_luxury_bungalow_available_for_sale_in_ali_town-40047096-8856-1.html	TRUE	TRUE	120		
49	Luxury Bungalow Available For Sale	"Saima Arabian Villas, Gadap Town"	Normal	6600000	11	2 weeks ago	www.zameen.com/Property/gadap_town_saima_arabian_villas_luxury_bungalow_available_for_sale-40045752-8856-1.html	TRUE	TRUE	120		
50	Luxury Bungalow Available For Sale In Ali Town	"Saima Arabian Villas, Gadap Town"	Normal	6600000	10	2 weeks ago	www.zameen.com/Property/gadap_town_saima_arabian_villas_luxury_bungalow_available_for_sale_in_ali_town-40045744-8856-1.html	TRUE	TRUE	120	2	2
51	Luxury Bungalow Available For Sale In Ali Town	"Saima Arabian Villas, Gadap Town"	Normal	7200000	10	2 weeks ago	www.zameen.com/Property/gadap_town_saima_arabian_villas_luxury_bungalow_available_for_sale_in_ali_town-40045731-8856-1.html	TRUE	TRUE	120	2	2
52	Luxury Bungalow Available For Sale	"Saima Arabian Villas, Gadap Town"	Normal	6600000	8	2 weeks ago	www.zameen.com/Property/gadap_town_saima_arabian_villas_luxury_bungalow_available_for_sale-40045728-8856-1.html	TRUE	TRUE	120	2	2
53	Luxury Bungalow Available For Sale In Ali Town	"Saima Arabian Villas, Gadap Town"	Normal	7200000	7	2 weeks ago	www.zameen.com/Property/gadap_town_saima_arabian_villas_luxury_bungalow_available_for_sale_in_ali_town-40045706-8856-1.html	TRUE	TRUE	120	2	2
54	Luxury Bungalow  Available For Sale In Ali Town	"Saima Arabian Villas, Gadap Town"	Normal	7200000	15	2 weeks ago	www.zameen.com/Property/gadap_town_saima_arabian_villas_luxury_bungalow__available_for_sale_in_ali_town-40045683-8856-1.html	TRUE	TRUE	120		
55	Luxury Banglow Available For Sale	"Saima Arabian Villas, Gadap Town"	Normal	6600000	16	2 weeks ago	www.zameen.com/Property/gadap_town_saima_arabian_villas_luxury_banglow_available_for_sale-40044754-8856-1.html	TRUE	TRUE	120		
56	Luxury Banglow Available For Sale	"Saima Arabian Villas, Gadap Town"	Normal	6600000	15	2 weeks ago	www.zameen.com/Property/gadap_town_saima_arabian_villas_luxury_banglow_available_for_sale-40044681-8856-1.html	TRUE	TRUE	120		
57	1080 Square Feet House For Sale In Saima Arabian Villas	"Saima Arabian Villas, Gadap Town"	Normal	12500000	9	2 weeks ago	www.zameen.com/Property/gadap_town_saima_arabian_villas_1080_square_feet_house_for_sale_in_saima_arabian_villas-42505523-8856-1.html	TRUE	TRUE	120	2	2
58	160 Sq Yd Corner Villa Available For Sale In Saima Arabian Villas	"Saima Arabian Villas, Gadap Town"	Normal	17800000	13	2 weeks ago	www.zameen.com/Property/gadap_town_saima_arabian_villas_160_sq_yd_corner_villa_available_for_sale_in_saima_arabian_villas-41373151-8856-1.html	TRUE	TRUE	160	3	3
59	160 Sq Yd House For Sale Block E Saima Arabian Villas	"Saima Arabian Villas, Gadap Town"	Normal	14000000	22	2 weeks ago	www.zameen.com/Property/gadap_town_saima_arabian_villas_160_sq_yd_house_for_sale_block_e_saima_arabian_villas-42337904-8856-1.html	TRUE	TRUE	160	2	2
60	120 Sq Yd House For Sale Block C Saima Arabian Villas	"Saima Arabian Villas, Gadap Town"	Normal	12500000	15	2 weeks ago	www.zameen.com/Property/gadap_town_saima_arabian_villas_120_sq_yd_house_for_sale_block_c_saima_arabian_villas-42337765-8856-1.html	TRUE	TRUE	120	2	2
61	120 Sq Yd 1unit House For Sale Saima Arabian Villas	"Saima Arabian Villas, Gadap Town"	Normal	13500000	17	2 weeks ago	www.zameen.com/Property/gadap_town_saima_arabian_villas_120_sq_yd_1unit_house_for_sale_saima_arabian_villas-42337963-8856-1.html	TRUE	TRUE	120	2	2
62	160 square Yards Corner West Open Bungalow is Available For Sale In Saima Arabian villas	"Saima Arabian Villas, Gadap Town"	Normal	16400000	26	3 weeks ago	www.zameen.com/Property/gadap_town_saima_arabian_villas_160_square_yards_corner_west_open_bungalow_is_available_for_sale_in_saima_arabian_villas-42338526-8856-1.html	TRUE	TRUE	160	3	3
63	120 Sq. yd brand New villa for Sale In Saima Arabian villas	"Saima Arabian Villas, Gadap Town"	Normal	16500000	11	3 weeks ago	www.zameen.com/Property/gadap_town_saima_arabian_villas_120_sq_yd_brand_new_villa_for_sale_in_saima_arabian_villas-41374457-8856-1.html	TRUE	TRUE	120	4	4
64	"Block E 160 Square Yards Single Story Well
 Furnished
 Bungalow Is Available For Sale In Saima Arabian Villas
."	"Saima Arabian Villas, Gadap Town"	Normal	14700000	11	3 weeks ago	www.zameen.com/Property/gadap_town_saima_arabian_villas_block_e_160_square_yards_single_story_well__furnished__bungalow_is_available_for_sale_in_saima_arabian_villas__-41299514-8856-1.html	TRUE	TRUE	191	3	3
65	Prime Location Flat Of 700 Square Feet In Saima Arabian Villas Is Available	"Saima Arabian Villas, Gadap Town"	Normal	5200000	10	3 weeks ago	www.zameen.com/Property/gadap_town_saima_arabian_villas_prime_location_flat_of_700_square_feet_in_saima_arabian_villas_is_available-41842530-8856-1.html	TRUE	TRUE	78	2	2
66	Book A Prime Location 700 Square Feet Flat In Saima Arabian Villas	"Saima Arabian Villas, Gadap Town"	Normal	5300000	10	3 weeks ago	www.zameen.com/Property/gadap_town_saima_arabian_villas_book_a_prime_location_700_square_feet_flat_in_saima_arabian_villas-41842527-8856-1.html	TRUE	TRUE	78	2	2
67	160 Square Yards House Available For Sale In Saima Arabian Villas	"Saima Arabian Villas, Gadap Town"	Normal	14400001	6	3 weeks ago	www.zameen.com/Property/gadap_town_saima_arabian_villas_160_square_yards_house_available_for_sale_in_saima_arabian_villas-38331883-8856-1.html	TRUE	TRUE	160	3	3
68	Ideally Located Prime Location House For sale In Saima Arabian Villas Available	"Saima Arabian Villas, Gadap Town"	Normal	13500000	6	4 weeks ago	www.zameen.com/Property/gadap_town_saima_arabian_villas_ideally_located_prime_location_house_for_sale_in_saima_arabian_villas_available-41602765-8856-1.html	TRUE	TRUE	120	2	2
69	Block A 160 SQ Yard Near To Park Near To Mosque House Available For Sale In Saima Arabian Villas	"Saima Arabian Villas, Gadap Town"	Normal	14700000	6	4 weeks ago	www.zameen.com/Property/gadap_town_saima_arabian_villas_block_a_160_sq_yard_near_to_park_near_to_mosque_house_available_for_sale_in_saima_arabian_villas-38331884-8856-1.html	TRUE	TRUE	120	3	3
70	Block B 240 SQ Yard 100 Feet Road Luxury Furnished Bungalow Is Available For Sale In Saima Arabian Villas	"Saima Arabian Villas, Gadap Town"	Normal	22500000	9	4 weeks ago	www.zameen.com/Property/gadap_town_saima_arabian_villas_block_b_240_sq_yard_100_feet_road_luxury_furnished_bungalow_is_available_for_sale_in_saima_arabian_villas-38331887-8856-1.html	TRUE	TRUE	240	3	3
71	Prime Location Flat For sale In Beautiful Saima Arabian Villas	"Saima Arabian Villas, Gadap Town"	Normal	5200000	5	4 weeks ago	www.zameen.com/Property/gadap_town_saima_arabian_villas_prime_location_flat_for_sale_in_beautiful_saima_arabian_villas-41842529-8856-1.html	TRUE	TRUE	78	2	2
72	Your Dream 1080 Square Feet House Is Available In Saima Arabian Villas	"Saima Arabian Villas, Gadap Town"	Normal	17800000	26	4 weeks ago	www.zameen.com/Property/gadap_town_saima_arabian_villas_your_dream_1080_square_feet_house_is_available_in_saima_arabian_villas-42098224-8856-1.html	TRUE	TRUE	120	4	4
73	Prime Location 240 Square Yards House Is Available For sale In Saima Arabian Villas	"Saima Arabian Villas, Gadap Town"	Normal	21500000	13	1 month ago	www.zameen.com/Property/gadap_town_saima_arabian_villas_prime_location_240_square_yards_house_is_available_for_sale_in_saima_arabian_villas-41602768-8856-1.html	TRUE	TRUE	240	3	3
74	Block D 160 SQ Yard West Open 100 Feet Road single Story Luxury Bungalow Available For Sale In Saima Arabian Villas	"Saima Arabian Villas, Gadap Town"	Normal	16800000	14	1 month ago	www.zameen.com/Property/gadap_town_saima_arabian_villas_block_d_160_sq_yard_west_open_100_feet_road_single_story_luxury_bungalow_available_for_sale_in_saima_arabian_villas-38331871-8856-1.html	TRUE	TRUE	160	3	3
75	Block E West Open Furnished Bungalow Available For Sale In Saima Arabian Villas	"Saima Arabian Villas, Gadap Town"	Normal	12600000	5	1 month ago	www.zameen.com/Property/gadap_town_saima_arabian_villas_block_e_west_open_furnished_bungalow_available_for_sale_in_saima_arabian_villas-38331880-8856-1.html	TRUE	TRUE	120	2	2
76	Block B Ground Plus 1 Luxury Furnished Bungalow Is Available For Sale In Saima Arabian VIillas	"Saima Arabian Villas, Gadap Town"	Normal	15599999	16	1 month ago	www.zameen.com/Property/gadap_town_saima_arabian_villas_block_b_ground_plus_1_luxury_furnished_bungalow_is_available_for_sale_in_saima_arabian_viillas-38331881-8856-1.html	TRUE	TRUE	120	4	4
77	Block B 120 SQ Yard West Open Luxury Bungalow Available For Sale In Saima Arabian Villas	"Saima Arabian Villas, Gadap Town"	Normal	16500000	27	1 month ago	www.zameen.com/Property/gadap_town_saima_arabian_villas_block_b_120_sq_yard_west_open_luxury_bungalow_available_for_sale_in_saima_arabian_villas-38331878-8856-1.html	TRUE	TRUE	120	4	4
78	120 SQ Yard block E Bungalow Is Available For Sale In Saima Arabian Villas.	"Saima Arabian Villas, Gadap Town"	Normal	12500000	14	1 month ago	www.zameen.com/Property/gadap_town_saima_arabian_villas_120_sq_yard_block_e_bungalow_is_available_for_sale_in_saima_arabian_villas_-38331886-8856-1.html	TRUE	TRUE	120	2	2
79	"120 Square Yards Well
 Furnished
 Luxury Bungalow Is Available For Sale In Saima Arabian Villas."	"Saima Arabian Villas, Gadap Town"	Normal	13200001	13	1 month ago	www.zameen.com/Property/gadap_town_saima_arabian_villas_120_square_yards_well__furnished__luxury_bungalow_is_available_for_sale_in_saima_arabian_villas_-38379150-8856-1.html	TRUE	TRUE	120	2	2
80	Block C 240 SQ Yard West Open Luxury Furnished Bungalow Is Available For Sale In Saima Arabian Villas	"Saima Arabian Villas, Gadap Town"	Normal	23500000	39	1 month ago	www.zameen.com/Property/gadap_town_saima_arabian_villas_block_c_240_sq_yard_west_open_luxury_furnished_bungalow_is_available_for_sale_in_saima_arabian_villas-38331891-8856-1.html	TRUE	TRUE	240	3	3
81	Double Storey 6 Bedroom Saima Arabian Villas	"Saima Arabian Villas, Gadap Town"	Normal	17500000	11	1 month ago	www.zameen.com/Property/gadap_town_saima_arabian_villas_double_storey_6_bedroom_saima_arabian_villas-41689143-8856-1.html	TRUE	TRUE	160	6	6
82	Prime Location 120 Square Yards House In Saima Arabian Villas Best Option	"Saima Arabian Villas, Gadap Town"	Normal	16500000	15	1 month ago	www.zameen.com/Property/gadap_town_saima_arabian_villas_prime_location_120_square_yards_house_in_saima_arabian_villas_best_option-41064589-8856-1.html	TRUE	TRUE	120		
83	Single Storey House Available For Sale In Saima Arabian Villas Block C	"Saima Arabian Villas, Gadap Town"	Normal	23000000	27	1 month ago	www.zameen.com/Property/gadap_town_saima_arabian_villas_single_storey_house_available_for_sale_in_saima_arabian_villas_block_c-41728986-8856-1.html	TRUE	TRUE	240	3	3
84	1080 Square Feet House In Saima Arabian Villas For Sale	"Saima Arabian Villas, Gadap Town"	Normal	15500000	28	1 week ago	www.zameen.com/Property/gadap_town_saima_arabian_villas_1080_square_feet_house_in_saima_arabian_villas_for_sale-37538111-8856-1.html	TRUE	TRUE	120	6	4
85	House Available For Sale In Saima Arabian Villas	"Saima Arabian Villas, Gadap Town"	Normal	14200000	5	1 week ago	www.zameen.com/Property/gadap_town_saima_arabian_villas_house_available_for_sale_in_saima_arabian_villas-42006508-8856-1.html	TRUE	TRUE	160		
86	Two Bed Lounge Corner Flat Available For Sale	"Saima Arabian Villas, Gadap Town"	Normal	5700000	11	2 weeks ago	www.zameen.com/Property/gadap_town_saima_arabian_villas_two_bed_lounge_corner_flat_available_for_sale-41295299-8856-1.html	TRUE	TRUE	83	2	2
87	120 Sq Yd Single Storey For Sale In Saima Arabian Villas.	"Saima Arabian Villas, Gadap Town"	Normal	12500000	4	1 day ago	www.zameen.com/Property/gadap_town_saima_arabian_villas_120_sq_yd_single_storey_for_sale_in_saima_arabian_villas_-35753293-8856-1.html	TRUE	TRUE	120	2	2
88	160 Sq Yds Banglow For Sale In Saima Arabian Villas	"Saima Arabian Villas, Gadap Town"	Normal	14500000	4	1 day ago	www.zameen.com/Property/gadap_town_saima_arabian_villas_160_sq_yds_banglow_for_sale_in_saima_arabian_villas-35753306-8856-1.html	TRUE	TRUE	160	3	3
89	North Town Residency Phase 1	"Saima Arabian Villas, Gadap Town"	Normal	2600000	2	4 weeks ago	www.zameen.com/Property/gadap_town_saima_arabian_villas_north_town_residency_phase_1-42069282-8856-1.html	TRUE	TRUE	46	1	
90	Luxury Well Maintained Flat In Saima Arabian Villas	"Saima Arabian Villas, Gadap Town"	Normal	5400000	1	3 weeks ago	www.zameen.com/Property/gadap_town_saima_arabian_villas_luxury_well_maintained_flat_in_saima_arabian_villas-41493234-8856-1.html	TRUE	TRUE	74	2	3
91	2 Bed DD Flat With Roof Com 6 For Sale In Saima Arabian Villas.	"Saima Arabian Villas, Gadap Town"	Normal	7200000	1	1 day ago	www.zameen.com/Property/gadap_town_saima_arabian_villas_2_bed_dd_flat_with_roof_com_6_for_sale_in_saima_arabian_villas_-35753389-8856-1.html	TRUE	TRUE	106	2	2
92	120 Sq Yd One Unit In Block A Furnished Saima Arabian Villas	"Saima Arabian Villas, Gadap Town"	Normal	14500000	0	4 days ago	www.zameen.com/Property/gadap_town_saima_arabian_villas_120_sq_yd_one_unit_in_block_a_furnished_saima_arabian_villas-35753623-8856-1.html	TRUE	TRUE	120	3	3
93	Get In Touch Now To Buy A House In Karachi	"Saima Arabian Villas, Gadap Town"	Normal	23000000	0	1 week ago	www.zameen.com/Property/gadap_town_saima_arabian_villas_get_in_touch_now_to_buy_a_house_in_karachi-39557812-8856-1.html	TRUE	TRUE	240		
94	Ideal House For Sale In Gadap Town	"Saima Arabian Villas, Gadap Town"	Normal	12500000	0	1 week ago	www.zameen.com/Property/gadap_town_saima_arabian_villas_ideal_house_for_sale_in_gadap_town-29949963-8856-1.html	TRUE	TRUE	120	3	3
95	Get In Touch Now To Buy A House In Karachi	"Saima Arabian Villas, Gadap Town"	Normal	12100000	0	1 week ago	www.zameen.com/Property/gadap_town_saima_arabian_villas_get_in_touch_now_to_buy_a_house_in_karachi-29949912-8856-1.html	TRUE	TRUE	120	3	3
96	120 Sqyd Bungalow Available For Sale In Saima Arabian Villas	"Saima Arabian Villas, Gadap Town"	Normal	18000000	0	1 week ago	www.zameen.com/Property/gadap_town_saima_arabian_villas_120_sqyd_bungalow_available_for_sale_in_saima_arabian_villas-41088463-8856-1.html	TRUE	TRUE	120		
97	Ready To Buy A House 2160 Square Feet In Saima Arabian Villas	"Saima Arabian Villas, Gadap Town"	Normal	23000000	0	1 week ago	www.zameen.com/Property/gadap_town_saima_arabian_villas_ready_to_buy_a_house_2160_square_feet_in_saima_arabian_villas-39557805-8856-1.html	TRUE	TRUE	240		
98	House Available For Sale In Saima Arabian Villas	"Saima Arabian Villas, Gadap Town"	Normal	14200000	0	1 week ago	www.zameen.com/Property/gadap_town_saima_arabian_villas_house_available_for_sale_in_saima_arabian_villas-39426707-8856-1.html	TRUE	TRUE	160		
99	Flat Available For Sale In Saima Arabian Villas	"Saima Arabian Villas, Gadap Town"	Normal	4400000	0	1 week ago	www.zameen.com/Property/gadap_town_saima_arabian_villas_flat_available_for_sale_in_saima_arabian_villas-39426687-8856-1.html	TRUE	TRUE	78		
100	House Available For Sale In Saima Arabian Villas	"Saima Arabian Villas, Gadap Town"	Normal	15800000	0	1 week ago	www.zameen.com/Property/gadap_town_saima_arabian_villas_house_available_for_sale_in_saima_arabian_villas-39426699-8856-1.html	TRUE	TRUE	120		
101	House Available For Sale In Saima Arabian Villas	"Saima Arabian Villas, Gadap Town"	Normal	12200000	0	1 week ago	www.zameen.com/Property/gadap_town_saima_arabian_villas_house_available_for_sale_in_saima_arabian_villas-39426688-8856-1.html	TRUE	TRUE	120		
102	House Available For Sale In Saima Arabian Villas	"Saima Arabian Villas, Gadap Town"	Normal	21000000	0	1 week ago	www.zameen.com/Property/gadap_town_saima_arabian_villas_house_available_for_sale_in_saima_arabian_villas-39426691-8856-1.html	TRUE	TRUE	240		
103	Flat Available For Sale In Saima Arabian Villas	"Saima Arabian Villas, Gadap Town"	Normal	4400000	0	1 week ago	www.zameen.com/Property/gadap_town_saima_arabian_villas_flat_available_for_sale_in_saima_arabian_villas-39426686-8856-1.html	TRUE	TRUE	78		
104	House Available For Sale In Saima Arabian Villas	"Saima Arabian Villas, Gadap Town"	Normal	21000000	0	1 week ago	www.zameen.com/Property/gadap_town_saima_arabian_villas_house_available_for_sale_in_saima_arabian_villas-39426717-8856-1.html	TRUE	TRUE	240		
105	House Available For Sale In Saima Arabian Villas	"Saima Arabian Villas, Gadap Town"	Normal	15800000	0	1 week ago	www.zameen.com/Property/gadap_town_saima_arabian_villas_house_available_for_sale_in_saima_arabian_villas-39426721-8856-1.html	TRUE	TRUE	120		
106	Flat Available For Sale In Saima Arabian Villas	"Saima Arabian Villas, Gadap Town"	Normal	4400000	0	1 week ago	www.zameen.com/Property/gadap_town_saima_arabian_villas_flat_available_for_sale_in_saima_arabian_villas-39426714-8856-1.html	TRUE	TRUE	78		
107	Flat Available For Sale In Saima Arabian Villas	"Saima Arabian Villas, Gadap Town"	Normal	4400000	0	1 week ago	www.zameen.com/Property/gadap_town_saima_arabian_villas_flat_available_for_sale_in_saima_arabian_villas-39426715-8856-1.html	TRUE	TRUE	78		
108	House Available For Sale In Saima Arabian Villas	"Saima Arabian Villas, Gadap Town"	Normal	12200000	0	1 week ago	www.zameen.com/Property/gadap_town_saima_arabian_villas_house_available_for_sale_in_saima_arabian_villas-39426712-8856-1.html	TRUE	TRUE	120		
109	2 Bed Lounge Flat For Sale In Saima Arabian Villas	"Saima Arabian Villas, Gadap Town"	Normal	5450000	0	3 weeks ago	www.zameen.com/Property/gadap_town_saima_arabian_villas_2_bed_lounge_flat_for_sale_in_saima_arabian_villas-41544502-8856-1.html	TRUE	TRUE	74	2	2
110	"751 Sq Ft, Gorgeous, 4th Floor Flat Saima Arabian Villas, Society"	"Saima Arabian Villas, Gadap Town"	Normal	7200000	5	3 months ago	www.zameen.com/Property/gadap_town_saima_arabian_villas_751_sq_ft__gorgeous__4th_floor_flat_saima_arabian_villas__society-39300433-8856-1.html	TRUE	TRUE	83	2	3
111	120 Sq Yd West Open Double Storey Block B	"Saima Arabian Villas, Gadap Town"	Normal	17000000	17	2 months ago	www.zameen.com/Property/gadap_town_saima_arabian_villas_120_sq_yd_west_open_double_storey_block_b-41462893-8856-1.html	TRUE	TRUE	120	5	4
112	Two Bed Lounge Flat Available For Sale Urgently In Saima Arabian Villas	"Saima Arabian Villas, Gadap Town"	Normal	5300000	8	2 months ago	www.zameen.com/Property/gadap_town_saima_arabian_villas_two_bed_lounge_flat_available_for_sale_urgently_in_saima_arabian_villas-41429534-8856-1.html	TRUE	TRUE	83	2	2
113	Flat For Sale In Beautiful Saima Arabian Villas	"Saima Arabian Villas, Gadap Town"	Normal	4600000	0	4 months ago	www.zameen.com/Property/gadap_town_saima_arabian_villas_flat_for_sale_in_beautiful_saima_arabian_villas-40245668-8856-1.html	TRUE	TRUE	78	2	2
